{"videos": {"_type": "video-file", "path": "media/videos/videos_12_e20c88ddfc5bfc4c352e.mp4", "sha256": "e20c88ddfc5bfc4c352e511da67a476d62df76971081bd35d1606164bf7a1290", "size": 262}, "_runtime": 22, "_timestamp": 1626888045.185709, "_step": 37, "global_step": 24439, "rollout/ep_len_mean": 244.38999938964844, "rollout/ep_rew_mean": 1.2899999618530273, "rollout/exploration rate": 0.05000000074505806, "time/fps": 1285.0}