{"videos": {"_type": "video-file", "path": "media/videos/videos_12_e20c88ddfc5bfc4c352e.mp4", "sha256": "e20c88ddfc5bfc4c352e511da67a476d62df76971081bd35d1606164bf7a1290", "size": 262}, "_runtime": 21, "_timestamp": 1626882561.983802, "_step": 289, "global_step": 24974, "rollout/ep_len_mean": 23.68000030517578, "rollout/ep_rew_mean": 23.68000030517578, "rollout/exploration rate": 0.05000000074505806, "time/fps": 1302.0}